{
  "val": {
    "macro_f1": 0.8718739734486185,
    "map_macro": 0.9227630846401345,
    "n_samples": 415
  },
  "test": {
    "macro_f1": 0.8572598973337575,
    "map_macro": 0.9148334682656007,
    "n_samples": 410
  }
}