{
  "val": {
    "macro_f1": 0.8291156725732615,
    "map_macro": 0.8865961745106,
    "n_samples": 210
  },
  "test": {
    "macro_f1": 0.7573910169595034,
    "map_macro": 0.8679953663151849,
    "n_samples": 210
  }
}