{
  "val": {
    "macro_f1": 0.8465155992269473,
    "map_macro": 0.9046996629208183,
    "n_samples": 415
  },
  "test": {
    "macro_f1": 0.8403632682299635,
    "map_macro": 0.9027814909632015,
    "n_samples": 410
  }
}