{
  "val": {
    "macro_f1": 0.891575986103084,
    "map_macro": 0.9390089446947752,
    "n_samples": 1472
  },
  "test": {
    "macro_f1": 0.8981253043805879,
    "map_macro": 0.94540220558702,
    "n_samples": 1480
  }
}