{
  "val": {
    "macro_f1": 0.8772127804744079,
    "map_macro": 0.9287664319727447,
    "n_samples": 745
  },
  "test": {
    "macro_f1": 0.8721633465045845,
    "map_macro": 0.9221350385499747,
    "n_samples": 760
  }
}