{
  "val": {
    "macro_f1": 0.8898345738618267,
    "map_macro": 0.9398094437896725,
    "n_samples": 1472
  },
  "test": {
    "macro_f1": 0.9007037651922748,
    "map_macro": 0.9439299959985197,
    "n_samples": 1480
  }
}