{
  "val": {
    "macro_f1": 0.808092288206224,
    "map_macro": 0.8899304618440913,
    "n_samples": 210
  },
  "test": {
    "macro_f1": 0.80214734632249,
    "map_macro": 0.8876340762870386,
    "n_samples": 210
  }
}