{
  "val": {
    "macro_f1": 0.8722841808954049,
    "map_macro": 0.9235067207875729,
    "n_samples": 745
  },
  "test": {
    "macro_f1": 0.8806247724284445,
    "map_macro": 0.9262284544116541,
    "n_samples": 760
  }
}