{
  "val": {
    "macro_f1": 0.8678161657098696,
    "map_macro": 0.9227477556954782,
    "n_samples": 745
  },
  "test": {
    "macro_f1": 0.8559869436280844,
    "map_macro": 0.9179132972005549,
    "n_samples": 760
  }
}