{
  "val": {
    "macro_f1": 0.7968502554848536,
    "map_macro": 0.8809975960715803,
    "n_samples": 210
  },
  "test": {
    "macro_f1": 0.8230967942412475,
    "map_macro": 0.8846419099144911,
    "n_samples": 210
  }
}