{
  "val": {
    "macro_f1": 0.8907068842520812,
    "map_macro": 0.9324711764920766,
    "n_samples": 745
  },
  "test": {
    "macro_f1": 0.8813495567739876,
    "map_macro": 0.9272409535825207,
    "n_samples": 760
  }
}