{
  "val": {
    "macro_f1": 0.8993257705267148,
    "map_macro": 0.9454506145765935,
    "n_samples": 1472
  },
  "test": {
    "macro_f1": 0.9077114157070015,
    "map_macro": 0.946597333584737,
    "n_samples": 1480
  }
}