{
  "val": {
    "macro_f1": 0.8356969172333351,
    "map_macro": 0.8929038337188148,
    "n_samples": 415
  },
  "test": {
    "macro_f1": 0.8312601520165356,
    "map_macro": 0.9004154913719514,
    "n_samples": 410
  }
}