{
  "val": {
    "macro_f1": 0.889492958169121,
    "map_macro": 0.9277429211536272,
    "n_samples": 745
  },
  "test": {
    "macro_f1": 0.8869668739187136,
    "map_macro": 0.938115616805973,
    "n_samples": 760
  }
}