{
  "val": {
    "macro_f1": 0.8674316010096319,
    "map_macro": 0.9173637338528344,
    "n_samples": 745
  },
  "test": {
    "macro_f1": 0.8744060104875537,
    "map_macro": 0.9220207196817993,
    "n_samples": 760
  }
}