{
  "val": {
    "macro_f1": 0.8846732550119446,
    "map_macro": 0.9381978196206087,
    "n_samples": 1472
  },
  "test": {
    "macro_f1": 0.9024006121258731,
    "map_macro": 0.9467832846641723,
    "n_samples": 1480
  }
}