{
  "val": {
    "macro_f1": 0.7776907762850882,
    "map_macro": 0.8519372789092837,
    "n_samples": 210
  },
  "test": {
    "macro_f1": 0.7612609303285802,
    "map_macro": 0.8732207316466791,
    "n_samples": 210
  }
}