{
  "val": {
    "macro_f1": 0.8253093050085532,
    "map_macro": 0.86642184318543,
    "n_samples": 210
  },
  "test": {
    "macro_f1": 0.8182820649236048,
    "map_macro": 0.8797686747728657,
    "n_samples": 210
  }
}