{
  "val": {
    "macro_f1": 0.8159902076541502,
    "map_macro": 0.8863611665214493,
    "n_samples": 210
  },
  "test": {
    "macro_f1": 0.7798017399766337,
    "map_macro": 0.879956748867165,
    "n_samples": 210
  }
}