{
  "val": {
    "macro_f1": 0.824214938500653,
    "map_macro": 0.8663550165520255,
    "n_samples": 210
  },
  "test": {
    "macro_f1": 0.728719941499685,
    "map_macro": 0.8695244079028428,
    "n_samples": 210
  }
}