{
  "val": {
    "macro_f1": 0.8970741140994646,
    "map_macro": 0.9451682218797897,
    "n_samples": 1472
  },
  "test": {
    "macro_f1": 0.9050507990899054,
    "map_macro": 0.9523268425338419,
    "n_samples": 1480
  }
}