{
  "val": {
    "macro_f1": 0.8675609253755051,
    "map_macro": 0.9071726261267986,
    "n_samples": 415
  },
  "test": {
    "macro_f1": 0.8275536183041697,
    "map_macro": 0.9146237679219421,
    "n_samples": 410
  }
}