{
  "val": {
    "macro_f1": 0.8728377639551128,
    "map_macro": 0.9202210525312315,
    "n_samples": 415
  },
  "test": {
    "macro_f1": 0.8573704577362317,
    "map_macro": 0.9271424143853644,
    "n_samples": 410
  }
}