{
  "val": {
    "macro_f1": 0.8248907166592685,
    "map_macro": 0.883663101448426,
    "n_samples": 210
  },
  "test": {
    "macro_f1": 0.7969977908644909,
    "map_macro": 0.8931619737162022,
    "n_samples": 210
  }
}