{
  "val": {
    "macro_f1": 0.8904579381710963,
    "map_macro": 0.9431873426078048,
    "n_samples": 1472
  },
  "test": {
    "macro_f1": 0.8919359069687888,
    "map_macro": 0.941251663886492,
    "n_samples": 1480
  }
}