{
  "val": {
    "macro_f1": 0.877017484467538,
    "map_macro": 0.9290821690245953,
    "n_samples": 745
  },
  "test": {
    "macro_f1": 0.8821753203556228,
    "map_macro": 0.9286080950430147,
    "n_samples": 760
  }
}