{
  "val": {
    "macro_f1": 0.8731912843492561,
    "map_macro": 0.9319407139365506,
    "n_samples": 745
  },
  "test": {
    "macro_f1": 0.8851750811087791,
    "map_macro": 0.9321225252454759,
    "n_samples": 760
  }
}