{
  "val": {
    "macro_f1": 0.7905374491840657,
    "map_macro": 0.8525472362729752,
    "n_samples": 210
  },
  "test": {
    "macro_f1": 0.7526662513004647,
    "map_macro": 0.8771673511775636,
    "n_samples": 210
  }
}