{
  "val": {
    "macro_f1": 0.8874616586488363,
    "map_macro": 0.9361608279911496,
    "n_samples": 1472
  },
  "test": {
    "macro_f1": 0.9005690590133162,
    "map_macro": 0.9532486036859757,
    "n_samples": 1480
  }
}