{
  "val": {
    "macro_f1": 0.8269396434809968,
    "map_macro": 0.8858045573034423,
    "n_samples": 210
  },
  "test": {
    "macro_f1": 0.8517852667267124,
    "map_macro": 0.9130291630935228,
    "n_samples": 210
  }
}