{
  "val": {
    "macro_f1": 0.8077552679301616,
    "map_macro": 0.8546894193746326,
    "n_samples": 210
  },
  "test": {
    "macro_f1": 0.7425039572947912,
    "map_macro": 0.8580862299877987,
    "n_samples": 210
  }
}