{
  "val": {
    "macro_f1": 0.9162469371934915,
    "map_macro": 0.9598371026937228,
    "n_samples": 1472
  },
  "test": {
    "macro_f1": 0.9057818843832551,
    "map_macro": 0.9487320559708989,
    "n_samples": 1480
  }
}