{
  "val": {
    "macro_f1": 0.8482321553582168,
    "map_macro": 0.9145845476187778,
    "n_samples": 415
  },
  "test": {
    "macro_f1": 0.8298035145557999,
    "map_macro": 0.9045196601924734,
    "n_samples": 410
  }
}