{
  "val": {
    "macro_f1": 0.8687146295583611,
    "map_macro": 0.9231091713911022,
    "n_samples": 745
  },
  "test": {
    "macro_f1": 0.8788290304575868,
    "map_macro": 0.9162637761779671,
    "n_samples": 760
  }
}