{
  "val": {
    "macro_f1": 0.8512719388659239,
    "map_macro": 0.8982883459311691,
    "n_samples": 210
  },
  "test": {
    "macro_f1": 0.8283992568399237,
    "map_macro": 0.9065911610702881,
    "n_samples": 210
  }
}