{
  "val": {
    "macro_f1": 0.8904779735496187,
    "map_macro": 0.9488455119382182,
    "n_samples": 1472
  },
  "test": {
    "macro_f1": 0.8927341486331025,
    "map_macro": 0.9424811430303545,
    "n_samples": 1480
  }
}