{
  "val": {
    "macro_f1": 0.801709783328536,
    "map_macro": 0.8697710940726228,
    "n_samples": 210
  },
  "test": {
    "macro_f1": 0.8189151630880952,
    "map_macro": 0.8892150446465907,
    "n_samples": 210
  }
}