{
  "val": {
    "macro_f1": 0.8795013998325073,
    "map_macro": 0.9255388188809213,
    "n_samples": 745
  },
  "test": {
    "macro_f1": 0.8526734567135839,
    "map_macro": 0.9094419553764691,
    "n_samples": 760
  }
}