{
  "val": {
    "macro_f1": 0.845284080127463,
    "map_macro": 0.9049268642275531,
    "n_samples": 415
  },
  "test": {
    "macro_f1": 0.8238472923581186,
    "map_macro": 0.8945580544589741,
    "n_samples": 410
  }
}