{
  "val": {
    "macro_f1": 0.8283584640198682,
    "map_macro": 0.8813164466050323,
    "n_samples": 210
  },
  "test": {
    "macro_f1": 0.8217843451089609,
    "map_macro": 0.8986386984103463,
    "n_samples": 210
  }
}