{
  "val": {
    "macro_f1": 0.8623770187385692,
    "map_macro": 0.9106212737903674,
    "n_samples": 415
  },
  "test": {
    "macro_f1": 0.8624415431593769,
    "map_macro": 0.9219480533142039,
    "n_samples": 410
  }
}