{
  "val": {
    "macro_f1": 0.9044866227805273,
    "map_macro": 0.9515630102468002,
    "n_samples": 1472
  },
  "test": {
    "macro_f1": 0.9054923240010679,
    "map_macro": 0.9519251027100528,
    "n_samples": 1480
  }
}