{
  "val": {
    "macro_f1": 0.8621505111297374,
    "map_macro": 0.9268795516863794,
    "n_samples": 415
  },
  "test": {
    "macro_f1": 0.8438619075263988,
    "map_macro": 0.9176517653718091,
    "n_samples": 410
  }
}