{
  "val": {
    "macro_f1": 0.870418944823856,
    "map_macro": 0.912772616938581,
    "n_samples": 415
  },
  "test": {
    "macro_f1": 0.8443417148247858,
    "map_macro": 0.9081395755751526,
    "n_samples": 410
  }
}