{
  "val": {
    "macro_f1": 0.8616512188806732,
    "map_macro": 0.9190039417953263,
    "n_samples": 415
  },
  "test": {
    "macro_f1": 0.8504137601057276,
    "map_macro": 0.9124824659906354,
    "n_samples": 410
  }
}