{
  "val": {
    "macro_f1": 0.8598969121611937,
    "map_macro": 0.908085126903198,
    "n_samples": 415
  },
  "test": {
    "macro_f1": 0.8657029716608333,
    "map_macro": 0.9219336565002727,
    "n_samples": 410
  }
}