{
  "val": {
    "macro_f1": 0.8805741821879776,
    "map_macro": 0.9381593407495604,
    "n_samples": 1472
  },
  "test": {
    "macro_f1": 0.8953147005845461,
    "map_macro": 0.9455352979817523,
    "n_samples": 1480
  }
}