{
  "val": {
    "macro_f1": 0.8669877228575806,
    "map_macro": 0.9354515524314095,
    "n_samples": 1472
  },
  "test": {
    "macro_f1": 0.8889919882528102,
    "map_macro": 0.9469442635386853,
    "n_samples": 1480
  }
}