{
  "val": {
    "macro_f1": 0.881837079179722,
    "map_macro": 0.9258325250793124,
    "n_samples": 745
  },
  "test": {
    "macro_f1": 0.8635010774706264,
    "map_macro": 0.9187916266483471,
    "n_samples": 760
  }
}