{
  "val": {
    "macro_f1": 0.8869333680271547,
    "map_macro": 0.9236288847797882,
    "n_samples": 745
  },
  "test": {
    "macro_f1": 0.8780819987546563,
    "map_macro": 0.9352111082176784,
    "n_samples": 760
  }
}