{
  "val": {
    "macro_f1": 0.8885704764196236,
    "map_macro": 0.9312425836210144,
    "n_samples": 745
  },
  "test": {
    "macro_f1": 0.8690727252563836,
    "map_macro": 0.9345003683749391,
    "n_samples": 760
  }
}