{
  "val": {
    "macro_f1": 0.8928397409306609,
    "map_macro": 0.9490299142050951,
    "n_samples": 1472
  },
  "test": {
    "macro_f1": 0.9127829479634256,
    "map_macro": 0.9551722244091204,
    "n_samples": 1480
  }
}