{
  "val": {
    "macro_f1": 0.8234911843934402,
    "map_macro": 0.8766717064480606,
    "n_samples": 210
  },
  "test": {
    "macro_f1": 0.8129222014488249,
    "map_macro": 0.8978324877638011,
    "n_samples": 210
  }
}