{
  "val": {
    "macro_f1": 0.9084960242327088,
    "map_macro": 0.9505433646058686,
    "n_samples": 1472
  },
  "test": {
    "macro_f1": 0.9148244587763599,
    "map_macro": 0.9560724912020371,
    "n_samples": 1480
  }
}