{
  "val": {
    "macro_f1": 0.8760794592263508,
    "map_macro": 0.9200846900715269,
    "n_samples": 415
  },
  "test": {
    "macro_f1": 0.8563247868767766,
    "map_macro": 0.9009059417432843,
    "n_samples": 410
  }
}