{
  "val": {
    "macro_f1": 0.8554152210353455,
    "map_macro": 0.9200698109369502,
    "n_samples": 415
  },
  "test": {
    "macro_f1": 0.8469603887896122,
    "map_macro": 0.9100087275268668,
    "n_samples": 410
  }
}