{
  "val": {
    "macro_f1": 0.8402463803171453,
    "map_macro": 0.883940097126912,
    "n_samples": 210
  },
  "test": {
    "macro_f1": 0.8053223604584103,
    "map_macro": 0.8883451825001545,
    "n_samples": 210
  }
}