{
  "val": {
    "macro_f1": 0.8417847586041967,
    "map_macro": 0.9095777418809361,
    "n_samples": 415
  },
  "test": {
    "macro_f1": 0.8584268143478182,
    "map_macro": 0.9046860534337582,
    "n_samples": 410
  }
}