{
  "val": {
    "macro_f1": 0.8932257961324055,
    "map_macro": 0.9457784932192533,
    "n_samples": 1472
  },
  "test": {
    "macro_f1": 0.9038262640917522,
    "map_macro": 0.9487628031681263,
    "n_samples": 1480
  }
}