{
  "val": {
    "macro_f1": 0.8831303480849332,
    "map_macro": 0.9362229581671021,
    "n_samples": 745
  },
  "test": {
    "macro_f1": 0.8803110584880074,
    "map_macro": 0.9331862190809559,
    "n_samples": 760
  }
}