{
  "val": {
    "macro_f1": 0.8319383486931513,
    "map_macro": 0.8812848756802657,
    "n_samples": 210
  },
  "test": {
    "macro_f1": 0.7943032790897336,
    "map_macro": 0.8702246363299547,
    "n_samples": 210
  }
}