{
  "val": {
    "macro_f1": 0.8540663882305883,
    "map_macro": 0.903043169521291,
    "n_samples": 415
  },
  "test": {
    "macro_f1": 0.8469193090483843,
    "map_macro": 0.9089525666646668,
    "n_samples": 410
  }
}