{
  "val": {
    "macro_f1": 0.8263673284768221,
    "map_macro": 0.8750203287019225,
    "n_samples": 210
  },
  "test": {
    "macro_f1": 0.7857855419633585,
    "map_macro": 0.8716170939414125,
    "n_samples": 210
  }
}