{
  "val": {
    "macro_f1": 0.8491534120340531,
    "map_macro": 0.8959947651033586,
    "n_samples": 415
  },
  "test": {
    "macro_f1": 0.7751921777410219,
    "map_macro": 0.851387768668396,
    "n_samples": 410
  }
}