{
  "val": {
    "macro_f1": 0.8825463968869248,
    "map_macro": 0.9302418235037164,
    "n_samples": 745
  },
  "test": {
    "macro_f1": 0.8726007256807429,
    "map_macro": 0.9305900589937308,
    "n_samples": 760
  }
}