{
  "val": {
    "macro_f1": 0.84967082744453,
    "map_macro": 0.9031788406886777,
    "n_samples": 415
  },
  "test": {
    "macro_f1": 0.8633713112308211,
    "map_macro": 0.9224116525224945,
    "n_samples": 410
  }
}