{
  "val": {
    "macro_f1": 0.8953224147670659,
    "map_macro": 0.9437735809175715,
    "n_samples": 1472
  },
  "test": {
    "macro_f1": 0.8929928450408601,
    "map_macro": 0.9481838446053023,
    "n_samples": 1480
  }
}