{
  "val": {
    "macro_f1": 0.8318884642966908,
    "map_macro": 0.8818038832836425,
    "n_samples": 210
  },
  "test": {
    "macro_f1": 0.7958759072306366,
    "map_macro": 0.8947634632855037,
    "n_samples": 210
  }
}