{
  "val": {
    "macro_f1": 0.8410054914876752,
    "map_macro": 0.8869989026700489,
    "n_samples": 210
  },
  "test": {
    "macro_f1": 0.8372095693557917,
    "map_macro": 0.9060840983447943,
    "n_samples": 210
  }
}