{
  "val": {
    "macro_f1": 0.898796561983302,
    "map_macro": 0.9531794022035485,
    "n_samples": 1472
  },
  "test": {
    "macro_f1": 0.9021464439024223,
    "map_macro": 0.9484806527070482,
    "n_samples": 1480
  }
}