{
  "val": {
    "macro_f1": 0.8981811251169829,
    "map_macro": 0.9458569817585921,
    "n_samples": 1472
  },
  "test": {
    "macro_f1": 0.905306239560929,
    "map_macro": 0.9532593541683878,
    "n_samples": 1480
  }
}