{
  "val": {
    "macro_f1": 0.8644078366072289,
    "map_macro": 0.9124906504842146,
    "n_samples": 415
  },
  "test": {
    "macro_f1": 0.8536625452924995,
    "map_macro": 0.9162921421422832,
    "n_samples": 410
  }
}