{
  "val": {
    "macro_f1": 0.8738143715675584,
    "map_macro": 0.9198335360727451,
    "n_samples": 745
  },
  "test": {
    "macro_f1": 0.8788940357523559,
    "map_macro": 0.9269662272858471,
    "n_samples": 760
  }
}