{
  "val": {
    "macro_f1": 0.8435476088130742,
    "map_macro": 0.8779520109443214,
    "n_samples": 210
  },
  "test": {
    "macro_f1": 0.8300388488613206,
    "map_macro": 0.9116898867456327,
    "n_samples": 210
  }
}