{
  "val": {
    "macro_f1": 0.8638388572120002,
    "map_macro": 0.9091405876864458,
    "n_samples": 415
  },
  "test": {
    "macro_f1": 0.8500950106973716,
    "map_macro": 0.8874335930940701,
    "n_samples": 410
  }
}