{
  "val": {
    "macro_f1": 0.8880562543455666,
    "map_macro": 0.9270478461634707,
    "n_samples": 745
  },
  "test": {
    "macro_f1": 0.892009307478665,
    "map_macro": 0.9234214491316153,
    "n_samples": 760
  }
}