{
  "val": {
    "macro_f1": 0.8630397702471758,
    "map_macro": 0.9236164580213055,
    "n_samples": 745
  },
  "test": {
    "macro_f1": 0.8660196462461119,
    "map_macro": 0.9235920702945117,
    "n_samples": 760
  }
}